patent_number,type,tier,category,title,assignee,provenance,priority_date,filing_date,publication_date,grant_date,pdf,google_patents_url,abstract
KR20230060506A,application,Tier 1 — Core Spectacles,AR optics & display, Diffraction grating design method for augmented reality or virtual reality &hellip;,스냅 인코포레이티드,snap_filed,2020-09-01,2021-09-01,2023-05-04,,https://patentimages.storage.googleapis.com/d8/45/78/80bad3dc2f75f6/KR20230060506A.pdf,https://patents.google.com/patent/KR20230060506A/en,A diffractive grating is disclosed for use as an output element of a diffractive waveguide coupler for augmented reality or virtual reality displays. The grating includes an interleaved rectangular grating 1213 comprising an array 1211 of first rectangular periodic optical structures and an array &hellip;
KR20230172526A,application,Tier 1 — Core Spectacles,AR optics & display, Waveguides and diffraction gratings for augmented or virtual reality displays,스냅 인코포레이티드,snap_filed,2021-06-09,2022-06-06,2023-12-22,,https://patentimages.storage.googleapis.com/36/5b/e9/3c951aea114db0/KR20230172526A.pdf,https://patents.google.com/patent/KR20230172526A/en,"A waveguide 5002 for use in a virtual reality (VR) or augmented reality (AR) device is disclosed. Waveguide 5002 has an input region 5006 configured to couple light to waveguide 5003 such that the light propagates under total reflection (TIR) within waveguide 5002, and optics configured to receive &hellip;"
US20250322597A1,application,Tier 1 — Core Spectacles,AR optics & display, Multifocal assembly for extended reality devices,Snap Inc.,snap_filed,2024-04-16,2024-04-16,2025-10-16,,,https://patents.google.com/patent/US20250322597A1/en,"determine a presentation distance associated with the virtual object; <b>assign</b>, based on the presentation distance, the first focus distance to the virtual object; and in response to the assignment of the first focus distance to the virtual object, cause the virtual object to be rendered in the first &hellip;"
WO2025221511A1,application,Tier 1 — Core Spectacles,AR optics & display, Multifocal assembly for extended reality devices,Snap Inc.,snap_filed,2024-04-16,2025-04-08,2025-10-23,,,https://patents.google.com/patent/WO2025221511A1/en,"[0040] The virtual content may include at least one virtual object. The XR device may include a processor to determine a presentation distance associated with the virtual object, and <b>assign</b>, based on the presentation distance, a matching focus distance to the virtual object. In response to the &hellip;"
KR20240047454A,application,Tier 1 — Core Spectacles,Eyewear hardware & form factor, System-on-chip with simultaneous USB communication,스냅 인코포레이티드,snap_filed,2021-08-24,2022-07-29,2024-04-12,,https://patentimages.storage.googleapis.com/45/8e/ee/9b3e0a0b5ed8d0/KR20240047454A.pdf,https://patents.google.com/patent/KR20240047454A/en,"A frame having a first side and a second side, a first temple extending from a first side of the frame, a second temple extending from a second side of the frame, electronic components; a first system-on-chip (SoC) adjacent a first side of the frame coupled to the first set of electronic &hellip;"
US11099643B1,grant,Tier 1 — Core Spectacles,Eyewear hardware & form factor, Headware with computer and optical element for use therewith and systems &hellip;,Snap Inc.,snap_filed,2011-05-11,2019-10-29,2021-08-24,2021-08-24,https://patentimages.storage.googleapis.com/59/dc/1c/0c693377983b1a/US11099643.pdf,https://patents.google.com/patent/US11099643B1/en,"An apparatus for mounting on a head including a frame, A face-wearable near-ocular optics and a micro-display for displaying data in front of the eyes is provided. A computing device is coupled to the micro-display. At least one sensor is coupled to the computing device for receiving biometric &hellip;"
US11297224B2,grant,Tier 1 — Core Spectacles,Eyewear hardware & form factor, Automated eyewear device sharing system,Snap Inc.,snap_filed,2019-09-30,2019-09-30,2022-04-05,2022-04-05,https://patentimages.storage.googleapis.com/8f/f4/f4/28bd5e6fd860d8/US11297224.pdf,https://patents.google.com/patent/US11297224B2/en,"Systems, devices, media, and methods are described for capturing a series of raw images by portable electronic devices, such as wearable devices including eyewear, and automating the process of processing such raw images by a client mobile device, such as a smart phone, such automation including &hellip;"
US11451707B2,grant,Tier 1 — Core Spectacles,Eyewear hardware & form factor, Image capture eyewear with auto-send,Snap Inc.,snap_filed,2018-05-01,2021-03-31,2022-09-20,2022-09-20,https://patentimages.storage.googleapis.com/95/a0/8d/8c4e647f83134b/US11451707.pdf,https://patents.google.com/patent/US11451707B2/en,"a processor configured to <b>assign</b> one or more recipients to each of the first recipient indicator and the second recipient indicator, distinctly present one of the first recipient indicator or the second recipient indicator by the display system responsive to the selector, capture the image of the &hellip;"
US11563886B2,grant,Tier 1 — Core Spectacles,Eyewear hardware & form factor, Automated eyewear device sharing system,Snap Inc.,snap_filed,2019-09-30,2022-01-31,2023-01-24,2023-01-24,https://patentimages.storage.googleapis.com/cb/ff/89/e294414d9db275/US11563886.pdf,https://patents.google.com/patent/US11563886B2/en,"Systems, devices, media, and methods are described for capturing a series of raw images by portable electronic devices, such as wearable devices including eyewear, and automating the process of processing such raw images by a client mobile device, such as a smart phone, such automation including &hellip;"
US11778149B2,grant,Tier 1 — Core Spectacles,Eyewear hardware & form factor, Headware with computer and optical element for use therewith and systems &hellip;,Snap Inc.,snap_filed,2011-05-11,2021-08-09,2023-10-03,2023-10-03,https://patentimages.storage.googleapis.com/f0/f3/86/bfd974d1c23534/US11778149.pdf,https://patents.google.com/patent/US11778149B2/en,"An apparatus for mounting on a head including a frame, A face-wearable near-ocular optics and a micro-display for displaying data in front of the eyes is provided. A computing device is coupled to the micro-display. At least one sensor is coupled to the computing device for receiving biometric &hellip;"
US11968460B2,grant,Tier 1 — Core Spectacles,Eyewear hardware & form factor, Image capture eyewear with auto-send,Snap Inc.,snap_filed,2018-05-01,2022-07-27,2024-04-23,2024-04-23,https://patentimages.storage.googleapis.com/84/01/ea/681ade65e2af51/US11968460.pdf,https://patents.google.com/patent/US11968460B2/en,"a processor configured to <b>assign</b> one or more recipients to each of the first recipient indicator and the second recipient indicator, cause the display system to distinctly present one of the first recipient indicator or the second recipient indicator, cause the camera to capture the image of the &hellip;"
US12401772B2,grant,Tier 1 — Core Spectacles,Eyewear hardware & form factor, Headware with computer and optical element for use therewith and systems &hellip;,Snap Inc.,snap_filed,2011-05-11,2023-08-30,2025-08-26,2025-08-26,,https://patents.google.com/patent/US12401772B2/en,"An apparatus for mounting on a head including a frame, A face-wearable near-ocular optics and a micro-display for displaying data in front of the eyes is provided. A computing device is coupled to the micro-display. At least one sensor is coupled to the computing device for receiving biometric &hellip;"
US20220159178A1,application,Tier 1 — Core Spectacles,Eyewear hardware & form factor, Automated eyewear device sharing system,Snap Inc.,snap_filed,2019-09-30,2022-01-31,2022-05-19,,https://patentimages.storage.googleapis.com/c1/c9/bc/7a1603028d05aa/US20220159178A1.pdf,https://patents.google.com/patent/US20220159178A1/en,"Systems, devices, media, and methods are described for capturing a series of raw images by portable electronic devices, such as wearable devices including eyewear, and automating the process of processing such raw images by a client mobile device, such as a smart phone, such automation including &hellip;"
US20230412780A1,application,Tier 1 — Core Spectacles,Eyewear hardware & form factor, Headware with computer and optical element for use therewith and systems &hellip;,Snap Inc.,snap_filed,2011-05-11,2023-08-30,2023-12-21,,https://patentimages.storage.googleapis.com/97/83/e0/75f75214e0c7b8/US20230412780A1.pdf,https://patents.google.com/patent/US20230412780A1/en,"An apparatus for mounting on a head including a frame, A face-wearable near-ocular optics and a micro-display for displaying data in front of the eyes is provided. A computing device is coupled to the micro-display. At least one sensor is coupled to the computing device for receiving biometric &hellip;"
US20240393887A1,application,Tier 1 — Core Spectacles,Head-worn interaction, Micro hand gestures for controlling virtual and graphical elements,Snap Inc.,snap_filed,2020-12-29,2024-08-08,2024-11-28,,https://patentimages.storage.googleapis.com/92/79/5d/7ec3653a083039/US20240393887A1.pdf,https://patents.google.com/patent/US20240393887A1/en,"<b>assign</b> a display order to the series of virtual elements; and present on the display the next virtual element according to the display order. 10 . The system of claim 8 , wherein the execution of the programming further configures the eyewear device to: <b>assign</b> a display order to the series of virtual &hellip;"
US20260072516A1,application,Tier 1 — Core Spectacles,Head-worn interaction, Non-dominant hand gestures to control microphone input on head-wearable device,Snap Inc.,snap_filed,2024-09-09,2024-09-09,2026-03-12,,,https://patents.google.com/patent/US20260072516A1/en,"A head-wearable device may provide an eXtended Reality (XR) experience that allows the user to control certain aspects of the experience with their hands. Specifically, one of the user&#39;s hands will be delineated as the dominant hand, while the other hand will be delineated as the non-dominant hand &hellip;"
WO2026054967A1,application,Tier 1 — Core Spectacles,Head-worn interaction, Non-dominant hand gestures to control microphone input on head-wearable device,Snap Inc.,snap_filed,2024-09-09,2025-08-18,2026-03-12,,,https://patents.google.com/patent/WO2026054967A1/en,"A head-wearable device may provide an extended Reality (XR) experience that allows the user to control certain aspects of the experience with their hands. Specifically, one of the user&#39;s hands will be delineated as the dominant hand, while the other hand will be delineated as the non-dominant hand &hellip;"
CN113874813B,grant,Tier 1 — Core Spectacles,Wearable connectivity & location, Wearable Device Location Accuracy System,斯纳普公司,snap_filed,2019-05-30,2020-05-29,2024-10-01,2024-10-01,https://patentimages.storage.googleapis.com/4c/67/ea/86f04abc8575e9/CN113874813B.pdf,https://patents.google.com/patent/CN113874813B/en,"Client companion device 314 may also be any device described herein that accesses a network via another device, such as client device 310. Client companion device 314 includes image sensor 316, wireless input and output (I/O) 317, and elements of location system 360 (for example, to <b>assign</b> general &hellip;"
CN115474153B,grant,Tier 1 — Core Spectacles,Wearable connectivity & location, Wearable device location system architecture,斯纳普公司,snap_filed,2019-05-30,2020-05-29,2025-08-01,2025-08-01,,https://patents.google.com/patent/CN115474153B/en,"Client companion device 314 may also be any device described herein that accesses a network via another device, such as client device 310. Client companion device 314 includes image sensor 316, wireless input and output (I/O) 317, and elements of location system 360 (for example, to <b>assign</b> general &hellip;"
CN120583372A,application,Tier 1 — Core Spectacles,Wearable connectivity & location, Wearable device location system architecture,斯纳普公司,snap_filed,2019-05-30,2020-05-29,2025-09-02,,,https://patents.google.com/patent/CN120583372A/en,"Client companion device 314 may also be any device described herein that accesses a network via another device, such as client device 310. Client companion device 314 includes image sensor 316, wireless input and output (I/O) 317, and elements of location system 360 (for example, to <b>assign</b> general &hellip;"
KR20250007681A,application,Tier 1 — Core Spectacles,Wearable connectivity & location, Wearable device antenna system,스냅 인코포레이티드,snap_filed,2017-03-06,2018-03-06,2025-01-14,,https://patentimages.storage.googleapis.com/74/22/f0/d39286768ddf8f/KR20250007681A.pdf,https://patents.google.com/patent/KR20250007681A/en,"The antenna system includes a driven antenna element connected to a printed circuit board (PCB), and a plurality of PCB extensions provided by electrical conductors connected to a PCB ground plane for cooperating with the driven antenna element in signal communication. In an eyewear device &hellip;"
US12271517B1,grant,Tier 1 — Core Spectacles,XR tracking & spatial, Bending-assisted calibration for extended reality tracking,Snap Inc.,snap_filed,2023-09-29,2023-09-29,2025-04-08,2025-04-08,https://patentimages.storage.googleapis.com/58/06/45/9a7ecafc59b3f7/US12271517B1.pdf,https://patents.google.com/patent/US12271517B1/en,"Bending data is used to facilitate tracking operations of an extended reality (XR) device, such as hand tracking or other object tracking operations. The XR device obtains bending data indicative of bending of the XR device to accommodate a body part of a user wearing the XR device. The XR device &hellip;"
US20220366600A1,application,Tier 1 — Core Spectacles,XR tracking & spatial, Depth-from-stereo bending correction using visual inertial odometry features,Snap Inc.,snap_filed,2021-05-14,2021-09-21,2022-11-17,,https://patentimages.storage.googleapis.com/b5/f3/6d/1c4b9e33a76d74/US20220366600A1.pdf,https://patents.google.com/patent/US20220366600A1/en,"CLAIM OF PRIORITY The present application claims priority to U.S. Provisional Patent Application Ser. No. 63/188,815, filed May 14, 2021, which is hereby incorporated by reference in its entirety. TECHNICAL FIELD The subject matter disclosed herein generally relates to a visual tracking system."
US20240029302A1,application,Tier 1 — Core Spectacles,XR tracking & spatial, Depth-from-stereo bending correction using visual inertial odometry features,Snap Inc.,snap_filed,2021-05-14,2023-09-27,2024-01-25,,https://patentimages.storage.googleapis.com/35/a7/7e/03eb215e4de1de/US20240029302A1.pdf,https://patents.google.com/patent/US20240029302A1/en,"A method for correcting a bending of a flexible device is described. In one aspect, the method includes accessing feature data of a first stereo frame that is generated by stereo optical sensors of the flexible device, the feature data generated based on a visual-inertial odometry (VIO) system of &hellip;"
US20250110547A1,application,Tier 1 — Core Spectacles,XR tracking & spatial, Bending-assisted calibration for extended reality tracking,Thomas Faeulhammer,snap_filed,2023-09-29,2023-09-29,2025-04-03,,https://patentimages.storage.googleapis.com/a4/1a/07/f0cb7d211debea/US20250110547A1.pdf,https://patents.google.com/patent/US20250110547A1/en,"Bending data is used to facilitate tracking operations of an extended reality (XR) device, such as hand tracking or other object tracking operations. The XR device obtains bending data indicative of bending of the XR device to accommodate a body part of a user wearing the XR device. The XR device &hellip;"
US20260011027A1,application,Tier 1 — Core Spectacles,XR tracking & spatial, Spatial scanning for extended reality,Snap Inc.,snap_filed,2023-03-15,2025-09-10,2026-01-08,,,https://patents.google.com/patent/US20260011027A1/en,"An extended Reality (XR) system that provides services for determining 3D data of physical objects in a real-world scene. The XR system receives a request from an application to initiate a spatial scan of a real-world scene. In response, the XR system captures video frame data of the real-world &hellip;"
WO2022240933A1,application,Tier 1 — Core Spectacles,XR tracking & spatial, Depth-from- stereo bending correction,Snap Inc.,snap_filed,2021-05-14,2022-05-11,2022-11-17,,https://patentimages.storage.googleapis.com/cc/de/46/b05c7fde0f999c/WO2022240933A1.pdf,https://patents.google.com/patent/WO2022240933A1/en,"A method for correcting a bending of a flexible device is described. In one aspect, the method includes accessing feature data of a first stereo frame that is generated by stereo optical sensors of the flexible device, the feature data generated based on a visual-inertial odometry (VIO) system of &hellip;"
WO2026055014A1,application,Tier 1 — Core Spectacles,XR tracking & spatial, Spacial organizer for multimedia results in extended reality,Snap Inc.,snap_filed,2024-09-09,2025-08-26,2026-03-12,,,https://patents.google.com/patent/WO2026055014A1/en,"&hellip;  objects; receive a plurality of content items to display within the user interface; Docket No. 4218.N08WO1 <b>assign</b> each of the content items to a separate container; render, within the user interface, an organizer containing all separate containers corresponding to the plurality of content items;"
US10045737B2,grant,Tier 2 — Adjacent / enabling,"Health-sensing smart eyewear (Facense, acquired)", Clip-on device with inward-facing cameras,Facense Ltd.,other_assignee,2015-06-14,2017-12-06,2018-08-14,2018-08-14,https://patentimages.storage.googleapis.com/2a/60/83/650420755f551d/US10045737.pdf,https://patents.google.com/patent/US10045737B2/en,"the frame in Oculus Rift™ includes the foam placed on the user&#39;s face and the straps; and the frames in Google Glass™ and Spectacles by <b>Snap Inc</b>. are similar to eyeglasses frames. Additionally or alternatively, the frame may connect to, be affixed within, and/or be integrated with, a helmet (e.g. &hellip;"
US10076250B2,grant,Tier 2 — Adjacent / enabling,"Health-sensing smart eyewear (Facense, acquired)", Detecting physiological responses based on multispectral data from head-mounted &hellip;,Facense Ltd.,other_assignee,2015-06-14,2017-12-06,2018-09-18,2018-09-18,https://patentimages.storage.googleapis.com/c8/e0/c5/1d375477d79ce0/US10076250.pdf,https://patents.google.com/patent/US10076250B2/en,"the frame in Oculus Rift™ includes the foam placed on the user&#39;s face and the straps; and the frames in Google Glass™ and Spectacles by <b>Snap Inc</b>. are similar to eyeglasses frames. Additionally or alternatively, the frame may connect to, be affixed within, and/or be integrated with, a helmet (e.g. &hellip;"
US10076270B2,grant,Tier 2 — Adjacent / enabling,"Health-sensing smart eyewear (Facense, acquired)", Detecting physiological responses while accounting for touching the face,Facense Ltd.,other_assignee,2015-06-14,2017-12-06,2018-09-18,2018-09-18,https://patentimages.storage.googleapis.com/f8/d4/ae/303588faef8ee4/US10076270.pdf,https://patents.google.com/patent/US10076270B2/en,"the frame in Oculus Rift™ includes the foam placed on the user&#39;s face and the straps; and the frames in Google Glass™ and Spectacles by <b>Snap Inc</b>. are similar to eyeglasses frames. Additionally or alternatively, the frame may connect to, be affixed within, and/or be integrated with, a helmet (e.g. &hellip;"
US10130261B2,grant,Tier 2 — Adjacent / enabling,"Health-sensing smart eyewear (Facense, acquired)", Detecting physiological responses while taking into account consumption of &hellip;,Facense Ltd.,other_assignee,2015-06-14,2017-12-06,2018-11-20,2018-11-20,https://patentimages.storage.googleapis.com/90/d6/53/a18e03e5e54dd5/US10130261.pdf,https://patents.google.com/patent/US10130261B2/en,"the frame in Oculus Rift™ includes the foam placed on the user&#39;s face and the straps; and the frames in Google Glass™ and Spectacles by <b>Snap Inc</b>. are similar to eyeglasses frames. Additionally or alternatively, the frame may connect to, be affixed within, and/or be integrated with, a helmet (e.g. &hellip;"
US10154810B2,grant,Tier 2 — Adjacent / enabling,"Health-sensing smart eyewear (Facense, acquired)", Security system that detects atypical behavior,Facense Ltd.,other_assignee,2015-06-14,2018-01-02,2018-12-18,2018-12-18,https://patentimages.storage.googleapis.com/78/10/b1/b977d9957a59bd/US10154810.pdf,https://patents.google.com/patent/US10154810B2/en,"the frame in Oculus Rift™ includes the foam placed on the user&#39;s face and the straps; and the frames in Google Glass™ and Spectacles by <b>Snap Inc</b>. are similar to eyeglasses frames. Additionally or alternatively, the frame may connect to, be affixed within, and/or be integrated with, a helmet (e.g. &hellip;"
US10159411B2,grant,Tier 2 — Adjacent / enabling,"Health-sensing smart eyewear (Facense, acquired)", Detecting irregular physiological responses during exposure to sensitive data,Facense Ltd.,other_assignee,2015-06-14,2018-01-02,2018-12-25,2018-12-25,https://patentimages.storage.googleapis.com/65/d5/d3/1df6c47581f9a9/US10159411.pdf,https://patents.google.com/patent/US10159411B2/en,"the frame in Oculus Rift™ includes the foam placed on the user&#39;s face and the straps; and the frames in Google Glass™ and Spectacles by <b>Snap Inc</b>. are similar to eyeglasses frames. Additionally or alternatively, the frame may connect to, be affixed within, and/or be integrated with, a helmet (e.g. &hellip;"
US10216981B2,grant,Tier 2 — Adjacent / enabling,"Health-sensing smart eyewear (Facense, acquired)", Eyeglasses that measure facial skin color changes,Facense Ltd.,other_assignee,2015-06-14,2017-12-06,2019-02-26,2019-02-26,https://patentimages.storage.googleapis.com/48/b3/32/55e04e5b0eaf57/US10216981.pdf,https://patents.google.com/patent/US10216981B2/en,"the frame in Oculus Rift™ includes the foam placed on the user&#39;s face and the straps; and the frames in Google Glass™ and Spectacles by <b>Snap Inc</b>. are similar to eyeglasses frames. Additionally or alternatively, the frame may connect to, be affixed within, and/or be integrated with, a helmet (e.g. &hellip;"
US10667697B2,grant,Tier 2 — Adjacent / enabling,"Health-sensing smart eyewear (Facense, acquired)", Identification of posture-related syncope using head-mounted sensors,Facense Ltd.,other_assignee,2015-06-14,2019-06-26,2020-06-02,2020-06-02,https://patentimages.storage.googleapis.com/3b/3c/39/08dd9adbc3b6c8/US10667697.pdf,https://patents.google.com/patent/US10667697B2/en,"the frame in Oculus Rift™ includes the foam placed on the user&#39;s face and the straps; and the frames in Google Glass™ and Spectacles by <b>Snap Inc</b>. are similar to eyeglasses frames. Additionally or alternatively, the frame may connect to, be affixed within, and/or be integrated with, a helmet (e.g. &hellip;"
US20180092542A1,application,Tier 2 — Adjacent / enabling,"Health-sensing smart eyewear (Facense, acquired)", Detecting physiological responses while taking into account consumption of &hellip;,Facense Ltd.,other_assignee,2015-06-14,2017-12-06,2018-04-05,,https://patentimages.storage.googleapis.com/f9/1d/7f/b6d5da97ace719/US20180092542A1.pdf,https://patents.google.com/patent/US20180092542A1/en,"the frame in Oculus Rift™ includes the foam placed on the user&#39;s face and the straps; and the frames in Google Glass™ and Spectacles by <b>Snap Inc</b>. are similar to eyeglasses frames. Additionally or alternatively, the frame may connect to, be affixed within, and/or be integrated with, a helmet (e.g. &hellip;"
US20180094982A1,application,Tier 2 — Adjacent / enabling,"Health-sensing smart eyewear (Facense, acquired)", Eyeglasses having inward-facing and outward-facing thermal cameras,Facense Ltd.,other_assignee,2015-06-14,2017-12-06,2018-04-05,,https://patentimages.storage.googleapis.com/14/9d/96/1db02a4d48e87b/US20180094982A1.pdf,https://patents.google.com/patent/US20180094982A1/en,"the frame in Oculus Rift™ includes the foam placed on the user&#39;s face and the straps; and the frames in Google Glass™ and Spectacles by <b>Snap Inc</b>. are similar to eyeglasses frames. Additionally or alternatively, the frame may connect to, be affixed within, and/or be integrated with, a helmet (e.g. &hellip;"
US20180096198A1,application,Tier 2 — Adjacent / enabling,"Health-sensing smart eyewear (Facense, acquired)", Eyeglasses that measure facial skin color changes,Facense Ltd.,other_assignee,2015-06-14,2017-12-06,2018-04-05,,https://patentimages.storage.googleapis.com/63/92/46/3e21629b9bbc05/US20180096198A1.pdf,https://patents.google.com/patent/US20180096198A1/en,"the frame in Oculus Rift™ includes the foam placed on the user&#39;s face and the straps; and the frames in Google Glass™ and Spectacles by <b>Snap Inc</b>. are similar to eyeglasses frames. Additionally or alternatively, the frame may connect to, be affixed within, and/or be integrated with, a helmet (e.g. &hellip;"
US20190313915A1,application,Tier 2 — Adjacent / enabling,"Health-sensing smart eyewear (Facense, acquired)", Posture-adjusted calculation of physiological signals,Facense Ltd.,other_assignee,2015-06-14,2019-06-26,2019-10-17,,https://patentimages.storage.googleapis.com/f4/15/76/734c8d267bc8ba/US20190313915A1.pdf,https://patents.google.com/patent/US20190313915A1/en,"the frame in Oculus Rift™ includes the foam placed on the user&#39;s face and the straps; and the frames in Google Glass™ and Spectacles by <b>Snap Inc</b>. are similar to eyeglasses frames. Additionally or alternatively, the frame may connect to, be affixed within, and/or be integrated with, a helmet (e.g. &hellip;"
CN117751450B,grant,Tier 2 — Adjacent / enabling,Microdisplay/display engine (acquired), Systems and methods for configuring display devices and display systems,斯纳普公司,snap_filed,2021-08-05,2022-08-04,2025-11-14,2025-11-14,,https://patents.google.com/patent/CN117751450B/en,"In an embodiment of the present disclosure, the logic region includes registers, state machines, and pixel drive circuitry, and is used to receive image data from the outside, <b>assign</b> it to pixels in the active region, and route the lines in rows and columns so that connections to the LED pixels &hellip;"
CN121531876A,application,Tier 2 — Adjacent / enabling,Microdisplay/display engine (acquired)," Display devices, display systems and methods thereof",斯纳普公司,snap_filed,2021-08-05,2022-08-04,2026-02-13,,,https://patents.google.com/patent/CN121531876A/en,"In an embodiment of the present disclosure, the logic region includes registers, state machines, and pixel drive circuitry, and is used to receive image data from the outside, <b>assign</b> it to pixels in the active region, and route the lines in rows and columns so that connections to the LED pixels &hellip;"
US20010043177A1,application,Tier 2 — Adjacent / enabling,Microdisplay/display engine (acquired), System and method for color and grayscale drive methods for graphical displays &hellip;,Huston James R.,other_assignee,2000-04-14,2000-12-14,2001-11-22,,https://patentimages.storage.googleapis.com/3f/ee/a5/aeec84fee95183/US20010043177A1.pdf,https://patents.google.com/patent/US20010043177A1/en,"A system and method are provided for driving a display. A voltage value is stored in an analog memory associated with each pixel of a display, where each of the pixels has a comparator associated with it. A reference voltage and the voltage values stored in the analog memory are applied to the &hellip;"
US20020041264A1,application,Tier 2 — Adjacent / enabling,Microdisplay/display engine (acquired), Display system having multiple memory elements per pixel with improved layout &hellip;,Quanrud William A.,other_assignee,1998-05-15,2001-11-15,2002-04-11,,https://patentimages.storage.googleapis.com/d9/0e/67/b310b499f1aca2/US20020041264A1.pdf,https://patents.google.com/patent/US20020041264A1/en,"A display matrix is provided comprising a plurality of display elements. each display element including a pixel, and a display circuit electrically connected to the pixel and at least partially positioned outside of a footprint of the pixel, the display circuit including a plurality of memory &hellip;"
US20020101396A1,application,Tier 2 — Adjacent / enabling,Microdisplay/display engine (acquired), Balanced binary color drive method for graphical displays and system &hellip;,Huston James R.,other_assignee,2000-04-14,2000-11-29,2002-08-01,,https://patentimages.storage.googleapis.com/b4/80/48/56c95c095b6dba/US20020101396A1.pdf,https://patents.google.com/patent/US20020101396A1/en,An image generation system is provided. A display matrix is provided and has a plurality of display elements which can include liquid crystal. Each display element includes a pixel. A plurality of display circuits are electrically connected to a display element. A plurality of memory cells are &hellip;
US6731257B2,grant,Tier 2 — Adjacent / enabling,Microdisplay/display engine (acquired), Image quality improvement for liquid crystal displays,Brillian Corporation,other_assignee,2001-01-22,2001-10-08,2004-05-04,2004-05-04,https://patentimages.storage.googleapis.com/dc/76/23/1700c39718a134/US6731257.pdf,https://patents.google.com/patent/US6731257B2/en,"&hellip;  values. It is contemplated and within the scope of the present invention that more or less than eight registers may be used to perform the divide-by-two operations. One implementation of the “divide-by-2” algorithm may be as follows. <b>Assign</b> the input video pixel stream to 8 registers, A through G:"
US8072670B2,grant,Tier 2 — Adjacent / enabling,Microdisplay/display engine (acquired), Pixel circuit to electrode translation,Compound Photonics Limited,other_assignee,2006-02-09,2006-02-09,2011-12-06,2011-12-06,https://patentimages.storage.googleapis.com/41/bf/09/33be0041d06d21/US8072670.pdf,https://patents.google.com/patent/US8072670B2/en,"Various system configurations may be found in International Patent Application No. PCT/US2005/018305, titled, “Transmissive, Optically Addressed, Photosensitive Spatial Light Modulators And Color Display Systems Incorporating Same,” filed May 24, 2005 and commonly owned by the <b>assignee</b> of the &hellip;"
US12346500B1,grant,Tier 2 — Adjacent / enabling,Neural / EMG input, EMG speech signal detection,Snap Inc.,snap_filed,2023-04-17,2023-04-17,2025-07-01,2025-07-01,https://patentimages.storage.googleapis.com/20/87/98/f58abbcbbf83b5/US12346500B1.pdf,https://patents.google.com/patent/US12346500B1/en,"Methods and systems are disclosed for training a machine learning (ML) model to detect inner speech. The system collects, by an electromyograph (EMG) communication device used by a user, a first set of EMG signals over a first time interval. The system generates a first plurality of features based &hellip;"
US12525240B1,grant,Tier 2 — Adjacent / enabling,Neural / EMG input, User calibration of EMG speech signal detection,Snap Inc.,snap_filed,2023-04-17,2023-04-17,2026-01-13,2026-01-13,,https://patents.google.com/patent/US12525240B1/en,"Methods and systems are disclosed for training a user-specific machine learning (ML) model to detect inner speech. The system accesses the ML model trained to detect inner speech based on a general population dataset. The system collects, by an electromyograph (EMG) communication device, a set of &hellip;"
US20250331770A1,application,Tier 2 — Adjacent / enabling,Neural / EMG input, Remote detection of human movement signals,Shimon Hayun,snap_filed,2024-04-25,2024-04-25,2025-10-30,,,https://patents.google.com/patent/US20250331770A1/en,"Methods and systems are disclosed for collecting EMG speech signals using a speech signal detection device. The methods and systems collect, by a speech signal detection device worn by a first person, a combination of signals comprising electromyograph (EMG) data signals and one or more non-EMG &hellip;"
WO2025226546A1,application,Tier 2 — Adjacent / enabling,Neural / EMG input, Remote detection of human movement signals,Snap Inc.,snap_filed,2024-04-25,2025-04-18,2025-10-30,,,https://patents.google.com/patent/WO2025226546A1/en,"Methods and systems are disclosed for collecting EMG speech signals using a speech signal detection device. The methods and systems collect, by a speech signal detection device worn by a first person, a combination of signals comprising electromyograph (EMG) data signals and one or more non-EMG &hellip;"
US12266063B2,grant,Tier 2 — Adjacent / enabling,Spectacles-targeted software / perception, Orientation of augmented content in interaction systems,Snap Inc.,snap_filed,2023-03-21,2023-03-21,2025-04-01,2025-04-01,https://patentimages.storage.googleapis.com/d8/40/fe/891e0d8ce38c6c/US12266063.pdf,https://patents.google.com/patent/US12266063B2/en,"determine a reference angle between the imaginary reference plane and the second viewing direction and, based on the reference angle, <b>assign</b> one of, or a combination of, a billboard display mode and a headlock display mode to the augmented content presented in the display of the head-wearable &hellip;"
US12423209B1,grant,Tier 2 — Adjacent / enabling,Spectacles-targeted software / perception, Optimized ML model loading using predicted usage and device state,Snap Inc.,snap_filed,2021-12-31,2022-12-07,2025-09-23,2025-09-23,,https://patents.google.com/patent/US12423209B1/en,"Techniques for Machine Learning (ML) model management are provided for a resource-constrained device such as an electronic eyewear device (e.g., SPECTACLES® available from <b>Snap, Inc</b>. of Santa Monica, CA) that may have a limited amount of operating memory and only intermittent access to WI-FI®. This &hellip;"
US20230409158A1,application,Tier 2 — Adjacent / enabling,Spectacles-targeted software / perception, Standardized ar interfaces for iot devices,Sven Kratz,snap_filed,2022-06-15,2022-06-15,2023-12-21,,https://patentimages.storage.googleapis.com/21/47/21/1f90725c6f60c1/US20230409158A1.pdf,https://patents.google.com/patent/US20230409158A1/en,"&hellip;  for use with the system are described. By utilizing a camera on various messaging or AR platforms, such as SNAPCHAT® or SPECTACLES™ available from <b>Snap, Inc</b>. of Santa Monica, California, users may create fun and immersive ways of interacting with IoT devices through the standardized AR interfaces."
US20260080633A1,application,Tier 2 — Adjacent / enabling,Spectacles-targeted software / perception, Depth estimation using odometry and hand tracking,Snap Inc.,snap_filed,2024-09-16,2024-10-30,2026-03-19,,,https://patents.google.com/patent/US20260080633A1/en,"&hellip;  this context an “augmented reality effect” comprises the collection of data, parameters, and other assets used to apply a selected augmented reality experience to an image or a video feed. In some examples, augmented reality effects are provided by <b>Snap, Inc</b>. under the registered trademark LENSES."
WO2023244490A1,application,Tier 2 — Adjacent / enabling,Spectacles-targeted software / perception, Standardized ar interfaces for iot devices,Snap Inc.,snap_filed,2022-06-15,2023-06-08,2023-12-21,,https://patentimages.storage.googleapis.com/54/8d/7b/6501263f857714/WO2023244490A1.pdf,https://patents.google.com/patent/WO2023244490A1/en,"&hellip;  for use with the system are described. By utilizing a camera on various messaging or AR platforms, such as SNAPCHAT® or SPECTACLES™ available from <b>Snap, Inc</b>. of Santa Monica, California, users may create fun and immersive ways of interacting with loT devices through the standardized AR interfaces."
WO2026059997A1,application,Tier 2 — Adjacent / enabling,Spectacles-targeted software / perception, Depth estimation using odometry and hand tracking,Snap Inc.,snap_filed,2024-09-16,2025-09-10,2026-03-19,,,https://patents.google.com/patent/WO2026059997A1/en,"&hellip;  this context an “augmented reality effect&#34; comprises the collection of data, parameters, and other assets used to apply a selected augmented reality experience to an image or a video feed. In some examples, augmented reality effects are provided by <b>Snap, Inc</b>. under the registered trademark LENSES."
WO2026055657A1,application,Tier 1 — Core Spectacles,XR tracking & spatial,Adaptive posegraph-based localization,Snap Inc.,snap_filed,2024-09-09,2025-09-09,2026-03-12,,,https://patents.google.com/patent/WO2026055657A1/en,"&hellip;  -device detection, UWB measurements, and Bluetooth signal strength. In some examples, the posegraph optimization system 214 may <b>assign</b> confidence values to different types of observations and uses optimization techniques like Bundle Adjustment to refine the posegraph and minimize accumulated errors."
US20250390411A1,application,Tier 2 — Adjacent / enabling,Spectacles-targeted software / perception,Optimized ml model loading using predicted usage and device state,Snap Inc.,snap_filed,2021-12-31,2025-08-28,2025-12-25,,,https://patents.google.com/patent/US20250390411A1/en,"Techniques for Machine Learning (ML) model management are provided for a resource-constrained device such as an electronic eyewear device (e.g., SPECTACLES® available from <b>Snap, Inc</b>. of Santa Monica, CA) that may have a limited amount of operating memory and only intermittent access to WI-FI®. This &hellip;"
US20250350707A1,application,Tier 1 — Core Spectacles,Eyewear hardware & form factor,Headware with computer and optical element for use therewith and systems &hellip;,Snap Inc.,snap_filed,2011-05-11,2025-07-23,2025-11-13,,,https://patents.google.com/patent/US20250350707A1/en,"An apparatus for mounting on a head including a frame, A face-wearable near-ocular optics and a micro-display for displaying data in front of the eyes is provided. A computing device is coupled to the micro-display. At least one sensor is coupled to the computing device for receiving biometric &hellip;"
US20250291416A1,application,Tier 2 — Adjacent / enabling,Neural / EMG input,Emg speech signal detection,Snap Inc.,snap_filed,2023-04-17,2025-06-02,2025-09-18,,,https://patents.google.com/patent/US20250291416A1/en,"Methods and systems are disclosed for training a machine learning (ML) model to detect inner speech. The system collects, by an electromyograph (EMG) communication device used by a user, a first set of EMG signals over a first time interval. The system generates a first plurality of features based &hellip;"
US20250190050A1,application,Tier 1 — Core Spectacles,XR tracking & spatial,Bending-assisted calibration for extended reality tracking,Snap Inc.,snap_filed,2023-09-29,2025-02-20,2025-06-12,,https://patentimages.storage.googleapis.com/89/63/98/800ffbe59ada07/US20250190050A1.pdf,https://patents.google.com/patent/US20250190050A1/en,"Bending data is used to facilitate tracking operations of an extended reality (XR) device, such as hand tracking or other object tracking operations. The XR device obtains bending data indicative of bending of the XR device to accommodate a body part of a user wearing the XR device. The XR device &hellip;"
US20250157162A1,application,Tier 2 — Adjacent / enabling,Spectacles-targeted software / perception,Orientation of augmented content in interaction systems,Snap Inc.,snap_filed,2023-03-21,2025-01-16,2025-05-15,,https://patentimages.storage.googleapis.com/04/35/4d/7deaf377202c1d/US20250157162A1.pdf,https://patents.google.com/patent/US20250157162A1/en,"&hellip;  direction and determines a reference angle between the imaginary reference plane and the second viewing direction. Based on the reference angle, the apparatus <b>assign</b> one of a billboard display mode and a headlock display mode (or combination) to the augmented content presented in the display."
US20240302932A1,application,Tier 2 — Adjacent / enabling,Spectacles-targeted software / perception,Standardized ar interfaces for iot devices,Snap Inc.,snap_filed,2022-06-15,2024-05-16,2024-09-12,,https://patentimages.storage.googleapis.com/af/7b/7f/aeea56cec59e2a/US20240302932A1.pdf,https://patents.google.com/patent/US20240302932A1/en,"&hellip;  for use with the system are described. By utilizing a camera on various messaging or AR platforms, such as SNAPCHAT® or SPECTACLES™ available from <b>Snap, Inc</b>. of Santa Monica, California, users may create fun and immersive ways of interacting with IoT devices through the standardized AR interfaces."
US20220368828A1,application,Tier 1 — Core Spectacles,Eyewear hardware & form factor,Image capture eyewear with auto-send,Snap Inc.,snap_filed,2018-05-01,2022-07-27,2022-11-17,,https://patentimages.storage.googleapis.com/b5/b2/ec/92e9f4dba3a0df/US20220368828A1.pdf,https://patents.google.com/patent/US20220368828A1/en,"a processor configured to <b>assign</b> one or more recipients to each of the first recipient indicator and the second recipient indicator, cause the display system to distinctly present one of the first recipient indicator or the second recipient indicator, cause the camera to capture the image of the &hellip;"
